Workbook

Sheet ReadMe
A1: Uzbegim Warehouse — Inventory Database (v1, inventory only)
A3: What this file is
A4: This spreadsheet is the database behind the Uzbegim warehouse inventory app. Upload it to
A5: Google Drive, let Google convert it to Google Sheets, then connect it to the Apps Script code
A6: in the project's apps-script/ folder (Code.gs, appsscript.json).
A8: Tabs in this file
A9: Staff Who can use the app, and whether each person is a Manager or a Worker.
A10: Products Every SKU (about 100 expected) — brand, flavor, size, category, reorder point.
A11: Customers Where stock goes: your own market plus the wholesale restaurant accounts.
A12: Suppliers Who stock is received from.
A13: Movements The ledger — every receiving, stock-out, transfer, and count adjustment.
A14: Stock Read-only. Current quantity on hand per product, calculated from Movements.
... A30: Replace or add to these with real staff before real deployment (2-3 managers, 2-3 workers).

Sheet Staff
A1: Staff ID | B1: Name | C1: Email (Google Account) | D1: Role | E1: Active (Y/N)
A2: S01 | B2: Abdu (Manager - test account) | C2: abduraufkholikov@gmail.com | D2: Manager | E2: Y
A3: S02 | B3: Abdu (Worker - test account) | C3: abduraufkholikov0@gmail.com | D3: Worker | E3: Y

Sheet Products
A1: Product ID | B1: Product Name | C1: Brand | D1: Flavor / Variant | E1: Size | F1: Category | G1: Unit | H1: Min Qty (reorder point) | I1: Active (Y/N) | J1: Notes
A2: P001 | B2: Example — Cola 12oz Can | C2: Example Brand | D2: Original | E2: 12oz | F2: Beverages | G2: Case (24) | H2: 10 | I2: Y | J2: Sample row — edit or delete

Sheet Customers
A1: Customer ID | B1: Customer Name | C1: Type | D1: Contact Name | E1: Phone | F1: Active (Y/N)
A2: C01 | B2: Uzbegim Market | C2: Own Market | F2: Y
A3: C02 | B3: Cafe Bistro by Uzbegim | C3: Own Market | F3: Y
A4: C03 | B4: Chaykhana N1 | C4: Wholesale Restaurant | F4: Y
A5: C04 | B5: Turkistan Restaurant | C5: Wholesale Restaurant | F5: Y
A6: C05 | B6: Registan Restaurant | C6: Wholesale Restaurant | F6: Y
A7: C06 | B7: Caravan | C7: Wholesale Restaurant | F7: Y
A8: C07 | B8: Oasis | C8: Wholesale Restaurant | F8: Y

Sheet Suppliers
A1: Supplier ID | B1: Supplier Name | C1: Contact Name | D1: Phone | E1: Active (Y/N)
A2: SUP01 | B2: Example — Costco Business Center | E2: Y

Sheet Movements
A1: Movement ID | B1: Date | C1: Type | D1: Quantity (enter positive) | E1: Signed Qty (calculated) | F1: Product ID | G1: Customer / Destination ID | H1: Supplier ID | I1: Staff Email | J1: Notes
A2: =IF($C2="","","M"&TEXT(ROW()-1,"0000")) -> M0001 | B2: 2026-09-06 | C2: Receiving | D2: 40 | E2: =IF($C2="","",IF(OR($C2="Receiving",$C2="Stock Count Adjustment"),$D2,-$D2)) -> 40 | F2: P001 | H2: SUP01 | I2: abduraufkholikov0@gmail.com | J2: Sample row — edit or delete
A3: =IF($C3="","","M"&TEXT(ROW()-1,"0000")) -> M0002 | B3: 2026-09-06 | C3: Customer Stock-Out | D3: 6 | E3: =IF($C3="","",IF(OR($C3="Receiving",$C3="Stock Count Adjustment"),$D3,-$D3)) -> -6 | F3: P001 | G3: C03 | I3: abduraufkholikov0@gmail.com | J3: Sample row — edit or delete
A4: =IF($C4="","","M"&TEXT(ROW()-1,"0000")) -> M0003 | B4: 2026-09-06 | C4: Internal Transfer | D4: 10 | E4: =IF($C4="","",IF(OR($C4="Receiving",$C4="Stock Count Adjustment"),$D4,-$D4)) -> -10 | F4: P001 | G4: C01 | I4: abduraufkholikov0@gmail.com | J4: Sample row — edit or delete
A5: =IF($C5="","","M"&TEXT(ROW()-1,"0000")) -> M0004 | B5: 2026-09-06 | C5: Stock Count Adjustment | D5: -1 | E5: =IF($C5="","",IF(OR($C5="Receiving",$C5="Stock Count Adjustment"),$D5,-$D5)) -> -1 | F5: P001 | I5: abduraufkholikov@gmail.com | J5: Sample row — count found 1 short
A6: =IF($C6="","","M"&TEXT(ROW()-1,"0000")) | E6: =IF($C6="","",IF(OR($C6="Receiving",$C6="Stock Count Adjustment"),$D6,-$D6))
A7: =IF($C7="","","M"&TEXT(ROW()-1,"0000")) | E7: =IF($C7="","",IF(OR($C7="Receiving",$C7="Stock Count Adjustment"),$D7,-$D7))
A8: =IF($C8="","","M"&TEXT(ROW()-1,"0000")) | E8: =IF($C8="","",IF(OR($C8="Receiving",$C8="Stock Count Adjustment"),$D8,-$D8))
A9: =IF($C9="","","M"&TEXT(ROW()-1,"0000")) | E9: =IF($C9="","",IF(OR($C9="Receiving",$C9="Stock Count Adjustment"),$D9,-$D9))
A10: =IF($C10="","","M"&TEXT(ROW()-1,"0000")) | E10: =IF($C10="","",IF(OR($C10="Receiving",$C10="Stock Count Adjustment"),$D10,-$D10))
A11: =IF($C11="","","M"&TEXT(ROW()-1,"0000")) | E11: =IF($C11="","",IF(OR($C11="Receiving",$C11="Stock Count Adjustment"),$D11,-$D11))
A12: =IF($C12="","","M"&TEXT(ROW()-1,"0000")) | E12: =IF($C12="","",IF(OR($C12="Receiving",$C12="Stock Count Adjustment"),$D12,-$D12))
A13: =IF($C13="","","M"&TEXT(ROW()-1,"0000")) | E13: =IF($C13="","",IF(OR($C13="Receiving",$C13="Stock Count Adjustment"),$D13,-$D13))
A14: =IF($C14="","","M"&TEXT(ROW()-1,"0000")) | E14: =IF($C14="","",IF(OR($C14="Receiving",$C14="Stock Count Adjustment"),$D14,-$D14))
A15: =IF($C15="","","M"&TEXT(ROW()-1,"0000")) | E15: =IF($C15="","",IF(OR($C15="Receiving",$C15="Stock Count Adjustment"),$D15,-$D15))
A16: =IF($C16="","","M"&TEXT(ROW()-1,"0000")) | E16: =IF($C16="","",IF(OR($C16="Receiving",$C16="Stock Count Adjustment"),$D16,-$D16))
A17: =IF($C17="","","M"&TEXT(ROW()-1,"0000")) | E17: =IF($C17="","",IF(OR($C17="Receiving",$C17="Stock Count Adjustment"),$D17,-$D17))
... A501: =IF($C501="","","M"&TEXT(ROW()-1,"0000")) | E501: =IF($C501="","",IF(OR($C501="Receiving",$C501="Stock Count Adjustment"),$D501,-$D501))

Sheet Stock
A1: Product ID | B1: Product Name | C1: Current Qty on Hand | D1: Min Qty (reorder point) | E1: Status
A2: =Products!A2 -> P001 | B2: =IF($A2="","",Products!B2) -> Example — Cola 12oz Can | C2: =IF($A2="","",SUMIFS(Movements!$E:$E,Movements!$F:$F,$A2)) -> 23 | D2: =IF($A2="","",Products!H2) -> 10 | E2: =IF($A2="","",IF($C2<$D2,"REORDER","OK")) -> OK
A3: =Products!A3 -> 0 | B3: =IF($A3="","",Products!B3) | C3: =IF($A3="","",SUMIFS(Movements!$E:$E,Movements!$F:$F,$A3)) | D3: =IF($A3="","",Products!H3) | E3: =IF($A3="","",IF($C3<$D3,"REORDER","OK"))
A4: =Products!A4 -> 0 | B4: =IF($A4="","",Products!B4) | C4: =IF($A4="","",SUMIFS(Movements!$E:$E,Movements!$F:$F,$A4)) | D4: =IF($A4="","",Products!H4) | E4: =IF($A4="","",IF($C4<$D4,"REORDER","OK"))
A5: =Products!A5 -> 0 | B5: =IF($A5="","",Products!B5) | C5: =IF($A5="","",SUMIFS(Movements!$E:$E,Movements!$F:$F,$A5)) | D5: =IF($A5="","",Products!H5) | E5: =IF($A5="","",IF($C5<$D5,"REORDER","OK"))
A6: =Products!A6 -> 0 | B6: =IF($A6="","",Products!B6) | C6: =IF($A6="","",SUMIFS(Movements!$E:$E,Movements!$F:$F,$A6)) | D6: =IF($A6="","",Products!H6) | E6: =IF($A6="","",IF($C6<$D6,"REORDER","OK"))
A7: =Products!A7 -> 0 | B7: =IF($A7="","",Products!B7) | C7: =IF($A7="","",SUMIFS(Movements!$E:$E,Movements!$F:$F,$A7)) | D7: =IF($A7="","",Products!H7) | E7: =IF($A7="","",IF($C7<$D7,"REORDER","OK"))
A8: =Products!A8 -> 0 | B8: =IF($A8="","",Products!B8) | C8: =IF($A8="","",SUMIFS(Movements!$E:$E,Movements!$F:$F,$A8)) | D8: =IF($A8="","",Products!H8) | E8: =IF($A8="","",IF($C8<$D8,"REORDER","OK"))
A9: =Products!A9 -> 0 | B9: =IF($A9="","",Products!B9) | C9: =IF($A9="","",SUMIFS(Movements!$E:$E,Movements!$F:$F,$A9)) | D9: =IF($A9="","",Products!H9) | E9: =IF($A9="","",IF($C9<$D9,"REORDER","OK"))
A10: =Products!A10 -> 0 | B10: =IF($A10="","",Products!B10) | C10: =IF($A10="","",SUMIFS(Movements!$E:$E,Movements!$F:$F,$A10)) | D10: =IF($A10="","",Products!H10) | E10: =IF($A10="","",IF($C10<$D10,"REORDER","OK"))
A11: =Products!A11 -> 0 | B11: =IF($A11="","",Products!B11) | C11: =IF($A11="","",SUMIFS(Movements!$E:$E,Movements!$F:$F,$A11)) | D11: =IF($A11="","",Products!H11) | E11: =IF($A11="","",IF($C11<$D11,"REORDER","OK"))
A12: =Products!A12 -> 0 | B12: =IF($A12="","",Products!B12) | C12: =IF($A12="","",SUMIFS(Movements!$E:$E,Movements!$F:$F,$A12)) | D12: =IF($A12="","",Products!H12) | E12: =IF($A12="","",IF($C12<$D12,"REORDER","OK"))
A13: =Products!A13 -> 0 | B13: =IF($A13="","",Products!B13) | C13: =IF($A13="","",SUMIFS(Movements!$E:$E,Movements!$F:$F,$A13)) | D13: =IF($A13="","",Products!H13) | E13: =IF($A13="","",IF($C13<$D13,"REORDER","OK"))
... A121: =Products!A121 -> 0 | B121: =IF($A121="","",Products!B121) | C121: =IF($A121="","",SUMIFS(Movements!$E:$E,Movements!$F:$F,$A121)) | D121: =IF($A121="","",Products!H121) | E121: =IF($A121="","",IF($C121<$D121,"REORDER","OK"))
